<?xml version="1.0" encoding="UTF-8"?>
	<root>
	<mode name="ArenaMode" modeid="380" realversion="227.1" prev_version="225.1"/>
	<mode name="ChessPlayerRes" modeid="0" realversion="305.1" prev_version="303.1"/>
	<mode name="CloneImbaMode" modeid="360" realversion="245.1" prev_version="243.1"/>
	<mode name="CloneImbaOneRoadMode" modeid="390" realversion="225.1" prev_version="223.1"/>
	<mode name="CloneMode" modeid="220" realversion="229.1" prev_version="227.1"/>
	<mode name="CommonRes" modeid="0" realversion="199.1" prev_version="197.1"/>
	<mode name="CustomRoomMode" modeid="999" realversion="93.1" prev_version="91.1"/>
	<mode name="DayBreakMode" modeid="400" realversion="209.1" prev_version="207.1"/>
	<mode name="DeathRacingMode" modeid="230" realversion="229.1" prev_version="227.1"/>
	<mode name="DefenceMode" modeid="320" realversion="233.1" prev_version="231.1"/>
	<mode name="DisOrderMode" modeid="130" realversion="133.1" prev_version="131.1"/>
	<mode name="EvolutionMode" modeid="270" realversion="227.1" prev_version="225.1"/>
	<mode name="HotHeroMode" modeid="420" realversion="159.1" prev_version="157.1"/>
	<mode name="ImbaMode" modeid="260" realversion="245.1" prev_version="243.1"/>
	<mode name="Imbaskill1_Mode" modeid="1006" realversion="93.1" prev_version="91.1"/>
	<mode name="MagicChess" modeid="340" realversion="315.1" prev_version="313.1"/>
	<mode name="Mapmode1_Win1_Mode" modeid="1000" realversion="93.1" prev_version="91.1"/>
	<mode name="Mapmode2_Win1_Mode" modeid="1001" realversion="93.1" prev_version="91.1"/>
	<mode name="Mapmode3_Win1_Mode" modeid="1002" realversion="93.1" prev_version="91.1"/>
	<mode name="Mapmode4_Win1_Mode" modeid="1003" realversion="93.1" prev_version="91.1"/>
	<mode name="Mapmode5_Win1_Mode" modeid="1004" realversion="93.1" prev_version="91.1"/>
	<mode name="Mapmode6_Win1_Mode" modeid="1005" realversion="93.1" prev_version="91.1"/>
	<mode name="MonsterRes" modeid="0" realversion="225.1" prev_version="223.1"/>
	<mode name="OverDriveHeroMode" modeid="440" realversion="99.1" prev_version="97.1"/>
	<mode name="PartyMode" modeid="410" realversion="163.1" prev_version="161.1"/>
	<mode name="ResHotFix" modeid="0" realversion="187.1" prev_version="185.1"/>
	<mode name="RogueMobaMode" modeid="430" realversion="63.1" prev_version="61.1"/>
	<mode name="ScrambleMode" modeid="280" realversion="237.1" prev_version="235.1"/>
	<mode name="SurvivalMode" modeid="200" realversion="165.1" prev_version="163.1"/>
	<mode name="ThemeParkMode" modeid="500" realversion="135.1" prev_version="133.1"/>
	</root>
